{"Training Loss": 57.924225064605594, "Epoch": 4, "_step": 8, "_runtime": 1113, "_timestamp": 1612124974, "Validation Loss": 57.34980447490225}