{"Training Loss": 972.4657862591649, "Epoch": 0, "_step": 1, "_runtime": 213, "_timestamp": 1612123738, "Validation Loss": 57.34980447490225}