{"Training Loss": 194.0868299582259, "Epoch": 0, "_step": 1, "_runtime": 250, "_timestamp": 1612123343, "Validation Loss": 57.34980447490225}