{"std": [0.2962575621947528, 0.2867964879957165, 0.2942563451381508], "mean": [0.46704649924339353, 0.44176759213435224, 0.4165341757253856], "n": 40434}