{"Training Loss": 1.1130130513249707, "Epoch": 4, "_step": 19, "_runtime": 3219, "_timestamp": 1612822419, "Training Accuracy": 0.36463484168052673, "Validation Loss": 1.814468116510527, "Validation Accuracy": 0.3531785309314728}