{"Training Loss": 1.9875956773757935, "Epoch": 49, "_step": 199, "_runtime": 27755, "_timestamp": 1612679955, "Training Accuracy": 0.2958086133003235, "Validation Loss": 2.2024790950914617, "Validation Accuracy": 0.2669631242752075}