{"Training Loss": 2.302608828162581, "Epoch": 9, "_step": 39, "_runtime": 6179, "_timestamp": 1612470699, "Training Accuracy": 0.09857195615768433, "Validation Loss": 2.4096837062609526, "Validation Accuracy": 0.0986907109618187}