{"Training Loss": 1.0799329549693213, "Epoch": 9, "_step": 39, "_runtime": 5714, "_timestamp": 1612829309, "Training Accuracy": 0.404148131608963, "Validation Loss": 1.3204182612566138, "Validation Accuracy": 0.4073616564273834}